date,tourism_num,temp_high_c,temp_low_c,temp_range_c,weather_code_en,weather_abbr,wind_dir_en,wind_level,aqi_value,aqi_level_en,weather_source
2024-01-01,2932,10.0,-1.0,11.0,CLOUDY,CLD,SE,1.0,89.0,GOOD,2345
2024-01-02,2186,9.0,-1.0,10.0,SUNNY,SUN,SE,1.0,69.0,GOOD,2345
2024-01-03,1768,9.0,-2.0,11.0,OVERCAST,OVC,SE,1.0,76.0,GOOD,2345
2024-01-04,1633,11.0,-1.0,12.0,OVERCAST,OVC,SE,1.0,83.0,GOOD,2345
2024-01-05,2958,10.0,-1.0,11.0,OVERCAST,OVC,SE,1.0,76.0,GOOD,2345
2024-01-06,4469,9.0,-5.0,14.0,OVERCAST,OVC,SE,1.0,82.0,GOOD,2345
2024-01-07,2121,8.0,-7.0,15.0,SUNNY,SUN,SE,1.0,85.0,GOOD,2345
2024-01-08,1877,14.0,0.0,14.0,SUNNY,SUN,SE,1.0,78.0,GOOD,2345
2024-01-09,2595,13.0,0.0,13.0,CLOUDY,CLD,SE,1.0,97.0,GOOD,2345
2024-01-10,2723,13.0,0.0,13.0,CLOUDY,CLD,SE,1.0,95.0,GOOD,2345
2024-01-11,2604,15.0,-1.0,16.0,SUNNY,SUN,SE,1.0,83.0,GOOD,2345
2024-01-12,2762,16.0,0.0,16.0,SUNNY,SUN,SE,1.0,79.0,GOOD,2345
2024-01-13,3771,14.0,0.0,14.0,SUNNY,SUN,SE,1.0,70.0,GOOD,2345
2024-01-14,3438,13.0,1.0,12.0,SUNNY,SUN,SE,1.0,80.0,GOOD,2345
2024-01-15,3296,13.0,4.0,9.0,OVERCAST,OVC,SE,1.0,63.0,GOOD,2345
2024-01-16,3798,12.0,4.0,8.0,OVERCAST,OVC,SE,1.0,50.0,EXCELLENT,2345
2024-01-17,3648,15.0,3.0,12.0,CLOUDY,CLD,SE,1.0,30.0,EXCELLENT,2345
2024-01-18,3864,12.0,1.0,11.0,CLOUDY,CLD,SE,1.0,47.0,EXCELLENT,2345
2024-01-19,3996,12.0,2.0,10.0,CLOUDY,CLD,SE,1.0,43.0,EXCELLENT,2345
2024-01-20,4827,7.0,0.0,7.0,OVERCAST,OVC,SE,2.0,55.0,GOOD,2345
2024-01-21,4824,3.0,-3.0,6.0,LIGHT_RAIN,LRA,E,2.0,50.0,EXCELLENT,2345
2024-01-22,4821,4.0,-3.0,7.0,CLOUDY,CLD,SE,2.0,49.0,EXCELLENT,2345
2024-01-23,4515,1.0,-3.0,4.0,OVERCAST,OVC,SE,2.0,39.0,EXCELLENT,2345
2024-01-24,4581,4.0,-3.0,7.0,OVERCAST,OVC,SE,2.0,42.0,EXCELLENT,2345
2024-01-25,4594,4.0,-4.0,8.0,OVERCAST,OVC,SE,2.0,53.0,GOOD,2345
2024-01-26,4417,6.0,-2.0,8.0,CLOUDY,CLD,SE,1.0,61.0,GOOD,2345
2024-01-27,5491,7.0,-1.0,8.0,OVERCAST,OVC,SE,1.0,64.0,GOOD,2345
2024-01-28,5140,8.0,-2.0,10.0,OVERCAST,OVC,SE,1.0,58.0,GOOD,2345
2024-01-29,5412,6.0,0.0,6.0,OVERCAST,OVC,SE,1.0,52.0,GOOD,2345
2024-01-30,5990,6.0,0.0,6.0,OVERCAST,OVC,SE,2.0,53.0,GOOD,2345
2024-01-31,5232,4.0,0.0,4.0,OVERCAST,OVC,SE,2.0,52.0,GOOD,2345
2024-02-01,5169,11.0,1.0,10.0,CLOUDY,CLD,SE,2.0,49.0,EXCELLENT,2345
2024-02-02,5551,5.0,2.0,3.0,CLOUDY,CLD,SE,2.0,32.0,EXCELLENT,2345
2024-02-03,5897,4.0,-1.0,5.0,OVERCAST,OVC,SE,2.0,35.0,EXCELLENT,2345
2024-02-04,6101,6.0,0.0,6.0,OVERCAST,OVC,SE,1.0,49.0,EXCELLENT,2345
2024-02-05,6773,8.0,1.0,7.0,CLOUDY,CLD,SE,2.0,49.0,EXCELLENT,2345
2024-02-06,6075,6.0,-2.0,8.0,OVERCAST,OVC,SE,2.0,58.0,GOOD,2345
2024-02-07,4872,5.0,0.0,5.0,OVERCAST,OVC,SE,2.0,58.0,GOOD,2345
2024-02-08,4263,8.0,0.0,8.0,OVERCAST,OVC,SE,1.0,64.0,GOOD,2345
2024-02-09,3895,16.0,-3.0,19.0,OVERCAST,OVC,NW,2.0,101.0,UNKNOWN,2345
2024-02-10,5978,18.0,-2.0,20.0,SUNNY,SUN,W,1.0,163.0,UNKNOWN,2345
2024-02-11,17276,16.0,0.0,16.0,SUNNY,SUN,SE,1.0,66.0,GOOD,2345
2024-02-12,27806,18.0,1.0,17.0,OVERCAST,OVC,SE,1.0,83.0,GOOD,2345
2024-02-13,31251,17.0,4.0,13.0,OVERCAST,OVC,SE,1.0,67.0,GOOD,2345
2024-02-14,30193,10.0,1.0,9.0,OVERCAST,OVC,E,2.0,64.0,GOOD,2345
2024-02-15,25210,14.0,1.0,13.0,OVERCAST,OVC,SE,1.0,49.0,EXCELLENT,2345
2024-02-16,20157,17.0,1.0,16.0,SUNNY,SUN,SE,1.0,44.0,EXCELLENT,2345
2024-02-17,14656,17.0,2.0,15.0,CLOUDY,CLD,SE,1.0,50.0,EXCELLENT,2345
2024-02-18,11945,15.0,2.0,13.0,OVERCAST,OVC,SE,2.0,90.0,GOOD,2345
2024-02-19,10328,14.0,4.0,10.0,OVERCAST,OVC,SE,2.0,200.0,UNKNOWN,2345
2024-02-20,9761,15.0,5.0,10.0,CLOUDY,CLD,SE,1.0,264.0,UNKNOWN,2345
2024-02-21,7697,3.0,0.0,3.0,OVERCAST,OVC,SE,2.0,83.0,GOOD,2345
2024-02-22,6450,1.0,0.0,1.0,LIGHT_SNOW,LSN,SE,2.0,81.0,GOOD,2345
2024-02-23,4505,3.0,-1.0,4.0,OVERCAST,OVC,SE,2.0,51.0,GOOD,2345
2024-02-24,3780,6.0,0.0,6.0,OVERCAST,OVC,SE,2.0,96.0,GOOD,2345
2024-02-25,2827,5.0,0.0,5.0,OVERCAST,OVC,SE,2.0,94.0,GOOD,2345
2024-02-26,2612,7.0,1.0,6.0,OVERCAST,OVC,SE,2.0,62.0,GOOD,2345
2024-02-27,2885,8.0,2.0,6.0,CLOUDY,CLD,SE,2.0,55.0,GOOD,2345
2024-02-28,3056,3.0,1.0,2.0,OVERCAST,OVC,SE,2.0,46.0,EXCELLENT,2345
2024-02-29,2907,4.0,1.0,3.0,OVERCAST,OVC,SE,2.0,53.0,GOOD,2345
2024-03-01,3441,4.0,0.0,4.0,OVERCAST,OVC,SE,2.0,49.0,EXCELLENT,2345
2024-03-02,4136,10.0,1.0,9.0,OVERCAST,OVC,SE,1.0,48.0,EXCELLENT,2345
2024-03-03,4080,7.0,3.0,4.0,OVERCAST,OVC,SE,2.0,45.0,EXCELLENT,2345
2024-03-04,3469,9.0,5.0,4.0,OVERCAST,OVC,SE,1.0,43.0,EXCELLENT,2345
2024-03-05,3368,7.0,3.0,4.0,LIGHT_RAIN,LRA,SE,2.0,64.0,GOOD,2345
2024-03-06,3502,7.0,2.0,5.0,OVERCAST,OVC,SE,2.0,75.0,GOOD,2345
2024-03-07,4291,14.0,2.0,12.0,OVERCAST,OVC,SE,2.0,67.0,GOOD,2345
2024-03-08,7514,13.0,3.0,10.0,OVERCAST,OVC,SE,2.0,75.0,GOOD,2345
2024-03-09,6886,15.0,5.0,10.0,CLOUDY,CLD,SE,2.0,61.0,GOOD,2345
2024-03-10,4999,14.0,0.0,14.0,OVERCAST,OVC,SE,1.0,52.0,GOOD,2345
2024-03-11,5560,21.0,3.0,18.0,SUNNY,SUN,SE,1.0,63.0,GOOD,2345
2024-03-12,5124,11.0,6.0,5.0,OVERCAST,OVC,SE,2.0,53.0,GOOD,2345
2024-03-13,5828,17.0,5.0,12.0,CLOUDY,CLD,SE,2.0,43.0,EXCELLENT,2345
2024-03-14,5359,16.0,7.0,9.0,OVERCAST,OVC,SE,2.0,54.0,GOOD,2345
2024-03-15,6252,19.0,8.0,11.0,OVERCAST,OVC,SE,2.0,42.0,EXCELLENT,2345
2024-03-16,6690,11.0,7.0,4.0,OVERCAST,OVC,SE,1.0,241.0,UNKNOWN,2345
2024-03-17,6639,13.0,6.0,7.0,OVERCAST,OVC,SE,1.0,79.0,GOOD,2345
2024-03-18,6773,12.0,3.0,9.0,OVERCAST,OVC,E,1.0,65.0,GOOD,2345
2024-03-19,7074,12.0,5.0,7.0,OVERCAST,OVC,SE,2.0,76.0,GOOD,2345
2024-03-20,7891,20.0,5.0,15.0,OVERCAST,OVC,SE,2.0,65.0,GOOD,2345
2024-03-21,7174,25.0,10.0,15.0,SUNNY,SUN,SE,1.0,63.0,GOOD,2345
2024-03-22,9787,25.0,13.0,12.0,OVERCAST,OVC,SE,2.0,60.0,GOOD,2345
2024-03-23,10538,20.0,9.0,11.0,OVERCAST,OVC,SE,1.0,70.0,GOOD,2345
2024-03-24,9343,12.0,6.0,6.0,LIGHT_RAIN,LRA,NE,1.0,57.0,GOOD,2345
2024-03-25,9360,22.0,8.0,14.0,OVERCAST,OVC,SE,2.0,45.0,EXCELLENT,2345
2024-03-26,9589,13.0,7.0,6.0,OVERCAST,OVC,SE,2.0,50.0,EXCELLENT,2345
2024-03-27,9885,13.0,5.0,8.0,LIGHT_RAIN,LRA,E,1.0,58.0,GOOD,2345
2024-03-28,9529,25.0,6.0,19.0,SUNNY,SUN,SW,1.0,52.0,GOOD,2345
2024-03-29,10396,28.0,11.0,17.0,SUNNY,SUN,SE,1.0,48.0,EXCELLENT,2345
2024-03-30,11602,25.0,8.0,17.0,OVERCAST,OVC,SE,1.0,59.0,GOOD,2345
2024-03-31,9648,25.0,12.0,13.0,OVERCAST,OVC,SE,2.0,53.0,GOOD,2345
2024-04-01,6466,26.0,11.0,15.0,LIGHT_RAIN,LRA,SE,2.0,45.0,EXCELLENT,2345
2024-04-02,6483,24.0,10.0,14.0,OVERCAST,OVC,E,1.0,78.0,GOOD,2345
2024-04-03,6409,17.0,10.0,7.0,OVERCAST,OVC,SE,1.0,69.0,GOOD,2345
2024-04-04,10240,21.0,10.0,11.0,CLOUDY,CLD,SE,2.0,72.0,GOOD,2345
2024-04-05,21204,16.0,9.0,7.0,LIGHT_RAIN,LRA,SE,2.0,47.0,EXCELLENT,2345
2024-04-06,6424,12.0,8.0,4.0,OVERCAST,OVC,SE,1.0,53.0,GOOD,2345
2024-04-07,6229,17.0,9.0,8.0,OVERCAST,OVC,SE,1.0,45.0,EXCELLENT,2345
2024-04-08,7205,18.0,9.0,9.0,OVERCAST,OVC,SE,2.0,47.0,EXCELLENT,2345
2024-04-09,9201,15.0,10.0,5.0,LIGHT_RAIN,LRA,SE,1.0,44.0,EXCELLENT,2345
2024-04-10,12589,21.0,10.0,11.0,LIGHT_RAIN,LRA,SE,1.0,37.0,EXCELLENT,2345
2024-04-11,12812,25.0,10.0,15.0,CLOUDY,CLD,SE,1.0,42.0,EXCELLENT,2345
2024-04-12,16075,28.0,12.0,16.0,OVERCAST,OVC,SE,2.0,48.0,EXCELLENT,2345
2024-04-13,17628,24.0,11.0,13.0,LIGHT_RAIN,LRA,SE,1.0,53.0,GOOD,2345
2024-04-14,14661,29.0,13.0,16.0,OVERCAST,OVC,SE,2.0,61.0,GOOD,2345
2024-04-15,13781,26.0,14.0,12.0,OVERCAST,OVC,SE,2.0,67.0,GOOD,2345
2024-04-16,13426,25.0,15.0,10.0,OVERCAST,OVC,SE,2.0,75.0,GOOD,2345
2024-04-17,14938,28.0,13.0,15.0,OVERCAST,OVC,SE,2.0,38.0,EXCELLENT,2345
2024-04-18,14013,20.0,10.0,10.0,OVERCAST,OVC,SE,1.0,37.0,EXCELLENT,2345
2024-04-19,14907,26.0,10.0,16.0,CLOUDY,CLD,SE,2.0,51.0,GOOD,2345
2024-04-20,16852,16.0,10.0,6.0,LIGHT_RAIN,LRA,SE,1.0,65.0,GOOD,2345
2024-04-21,14583,23.0,12.0,11.0,OVERCAST,OVC,SE,1.0,56.0,GOOD,2345
2024-04-22,14999,24.0,10.0,14.0,OVERCAST,OVC,SE,1.0,47.0,EXCELLENT,2345
2024-04-23,14799,20.0,10.0,10.0,OVERCAST,OVC,SE,2.0,50.0,EXCELLENT,2345
2024-04-24,15031,24.0,11.0,13.0,OVERCAST,OVC,SE,2.0,50.0,EXCELLENT,2345
2024-04-25,13424,27.0,11.0,16.0,OVERCAST,OVC,SE,1.0,54.0,GOOD,2345
2024-04-26,12223,28.0,13.0,15.0,CLOUDY,CLD,SE,2.0,51.0,GOOD,2345
2024-04-27,9939,28.0,13.0,15.0,SUNNY,SUN,SE,2.0,45.0,EXCELLENT,2345
2024-04-29,10082,15.0,9.0,6.0,MODERATE_RAIN,MRA,NE,2.0,39.0,EXCELLENT,2345
2024-04-30,9609,20.0,8.0,12.0,CLOUDY,CLD,SE,2.0,39.0,EXCELLENT,2345
2024-05-01,13000,13.0,8.0,5.0,LIGHT_RAIN,LRA,SE,1.0,43.0,EXCELLENT,2345
2024-05-02,41000,13.0,9.0,4.0,OVERCAST,OVC,SE,1.0,34.0,EXCELLENT,2345
2024-05-03,33310,18.0,8.0,10.0,OVERCAST,OVC,E,1.0,36.0,EXCELLENT,2345
2024-05-04,15227,23.0,9.0,14.0,OVERCAST,OVC,SE,1.0,47.0,EXCELLENT,2345
2024-05-05,6901,27.0,11.0,16.0,OVERCAST,OVC,SE,1.0,49.0,EXCELLENT,2345
2024-05-06,5518,29.0,13.0,16.0,OVERCAST,OVC,SE,2.0,54.0,GOOD,2345
2024-05-07,5799,24.0,12.0,12.0,LIGHT_RAIN,LRA,SE,2.0,57.0,GOOD,2345
2024-05-08,9046,16.0,11.0,5.0,LIGHT_RAIN,LRA,SE,2.0,45.0,EXCELLENT,2345
2024-05-09,10383,26.0,12.0,14.0,CLOUDY,CLD,SE,2.0,50.0,EXCELLENT,2345
2024-05-10,12606,27.0,12.0,15.0,CLOUDY,CLD,SE,2.0,51.0,GOOD,2345
2024-05-11,12342,19.0,10.0,9.0,OVERCAST,OVC,E,1.0,64.0,GOOD,2345
2024-05-12,13101,26.0,11.0,15.0,OVERCAST,OVC,SE,1.0,72.0,GOOD,2345
2024-05-13,11563,29.0,13.0,16.0,SUNNY,SUN,SE,2.0,62.0,GOOD,2345
2024-05-14,14402,26.0,13.0,13.0,OVERCAST,OVC,SE,2.0,58.0,GOOD,2345
2024-05-15,14638,28.0,12.0,16.0,CLOUDY,CLD,SE,2.0,52.0,GOOD,2345
2024-05-16,13289,30.0,14.0,16.0,LIGHT_RAIN,LRA,SE,1.0,57.0,GOOD,2345
2024-05-17,15173,28.0,15.0,13.0,OVERCAST,OVC,SE,1.0,57.0,GOOD,2345
2024-05-18,15035,19.0,13.0,6.0,HEAVY_RAIN,HRA,SE,1.0,53.0,GOOD,2345
2024-05-19,13738,26.0,13.0,13.0,LIGHT_RAIN,LRA,NW,1.0,47.0,EXCELLENT,2345
2024-05-20,13908,28.0,12.0,16.0,LIGHT_RAIN,LRA,SE,1.0,54.0,GOOD,2345
2024-05-21,13512,29.0,12.0,17.0,CLOUDY,CLD,SE,2.0,48.0,EXCELLENT,2345
2024-05-22,15958,30.0,12.0,18.0,SUNNY,SUN,SE,2.0,50.0,EXCELLENT,2345
2024-05-23,14067,34.0,16.0,18.0,SUNNY,SUN,SE,2.0,52.0,GOOD,2345
2024-05-24,14677,31.0,17.0,14.0,CLOUDY,CLD,SE,2.0,56.0,GOOD,2345
2024-05-25,14251,26.0,14.0,12.0,MODERATE_RAIN,MRA,NE,1.0,44.0,EXCELLENT,2345
2024-05-26,13242,30.0,15.0,15.0,CLOUDY,CLD,SE,1.0,58.0,GOOD,2345
2024-05-27,12577,31.0,16.0,15.0,CLOUDY,CLD,SE,2.0,54.0,GOOD,2345
2024-05-28,12465,21.0,15.0,6.0,OVERCAST,OVC,SE,1.0,43.0,EXCELLENT,2345
2024-05-29,12226,19.0,12.0,7.0,LIGHT_RAIN,LRA,NE,1.0,37.0,EXCELLENT,2345
2024-05-30,12545,25.0,13.0,12.0,OVERCAST,OVC,SE,1.0,47.0,EXCELLENT,2345
2024-05-31,9957,21.0,13.0,8.0,OVERCAST,OVC,SE,2.0,71.0,GOOD,2345
2024-06-01,10995,17.0,13.0,4.0,LIGHT_RAIN,LRA,S,1.0,53.0,GOOD,2345
2024-06-02,9035,24.0,14.0,10.0,OVERCAST,OVC,SW,1.0,37.0,EXCELLENT,2345
2024-06-03,10526,19.0,15.0,4.0,LIGHT_RAIN,LRA,SE,1.0,47.0,EXCELLENT,2345
2024-06-04,11369,26.0,14.0,12.0,CLOUDY,CLD,SE,2.0,36.0,EXCELLENT,2345
2024-06-05,11501,32.0,16.0,16.0,CLOUDY,CLD,SE,2.0,38.0,EXCELLENT,2345
2024-06-06,10631,22.0,14.0,8.0,OVERCAST,OVC,SE,2.0,40.0,EXCELLENT,2345
2024-06-07,12756,27.0,15.0,12.0,OVERCAST,OVC,SE,1.0,41.0,EXCELLENT,2345
2024-06-08,14522,19.0,13.0,6.0,OVERCAST,OVC,NE,1.0,39.0,EXCELLENT,2345
2024-06-09,20544,24.0,15.0,9.0,OVERCAST,OVC,SE,2.0,43.0,EXCELLENT,2345
2024-06-10,9698,24.0,14.0,10.0,OVERCAST,OVC,NW,1.0,47.0,EXCELLENT,2345
2024-06-11,9634,30.0,18.0,12.0,OVERCAST,OVC,NW,,49.0,EXCELLENT,2345
2024-06-12,11080,31.0,18.0,13.0,OVERCAST,OVC,SE,1.0,49.0,EXCELLENT,2345
2024-06-13,14577,26.0,17.0,9.0,OVERCAST,OVC,W,1.0,48.0,EXCELLENT,2345
2024-06-14,16954,32.0,17.0,15.0,OVERCAST,OVC,SE,1.0,48.0,EXCELLENT,2345
2024-06-15,17853,28.0,18.0,10.0,OVERCAST,OVC,SE,1.0,56.0,GOOD,2345
2024-06-16,17752,23.0,15.0,8.0,SHOWER,SHR,NE,1.0,44.0,EXCELLENT,2345
2024-06-17,18301,32.0,17.0,15.0,CLOUDY,CLD,SE,2.0,41.0,EXCELLENT,2345
2024-06-18,16858,24.0,18.0,6.0,LIGHT_RAIN,LRA,SE,1.0,41.0,EXCELLENT,2345
2024-06-19,18432,30.0,17.0,13.0,OVERCAST,OVC,SE,2.0,40.0,EXCELLENT,2345
2024-06-20,17874,24.0,18.0,6.0,OVERCAST,OVC,SE,1.0,47.0,EXCELLENT,2345
2024-06-21,19051,29.0,18.0,11.0,OVERCAST,OVC,SE,1.0,40.0,EXCELLENT,2345
2024-06-22,17942,26.0,17.0,9.0,CLOUDY,CLD,SE,1.0,39.0,EXCELLENT,2345
2024-06-23,15837,31.0,16.0,15.0,OVERCAST,OVC,SE,1.0,35.0,EXCELLENT,2345
2024-06-24,16239,27.0,15.0,12.0,LIGHT_RAIN,LRA,SE,1.0,35.0,EXCELLENT,2345
2024-06-25,15876,32.0,16.0,16.0,OVERCAST,OVC,SE,2.0,33.0,EXCELLENT,2345
2024-06-26,17449,26.0,18.0,8.0,OVERCAST,OVC,SE,2.0,38.0,EXCELLENT,2345
2024-06-27,17575,25.0,19.0,6.0,OVERCAST,OVC,SE,2.0,28.0,EXCELLENT,2345
2024-06-28,18512,32.0,17.0,15.0,OVERCAST,OVC,SE,1.0,28.0,EXCELLENT,2345
2024-06-29,18980,35.0,17.0,18.0,OVERCAST,OVC,N,,39.0,EXCELLENT,2345
2024-06-30,19403,30.0,17.0,13.0,LIGHT_RAIN,LRA,SE,1.0,39.0,EXCELLENT,2345
2024-07-01,21626,28.0,14.0,14.0,OVERCAST,OVC,NE,1.0,32.0,EXCELLENT,2345
2024-07-02,21679,28.0,18.0,10.0,LIGHT_RAIN,LRA,SE,1.0,34.0,EXCELLENT,2345
2024-07-03,20631,28.0,17.0,11.0,OVERCAST,OVC,NE,1.0,31.0,EXCELLENT,2345
2024-07-04,19023,28.0,17.0,11.0,OVERCAST,OVC,SE,2.0,29.0,EXCELLENT,2345
2024-07-05,20295,34.0,18.0,16.0,OVERCAST,OVC,SE,1.0,35.0,EXCELLENT,2345
2024-07-06,21106,25.0,21.0,4.0,OVERCAST,OVC,SE,2.0,50.0,EXCELLENT,2345
2024-07-07,23363,28.0,20.0,8.0,OVERCAST,OVC,SE,1.0,33.0,EXCELLENT,2345
2024-07-08,24035,26.0,21.0,5.0,OVERCAST,OVC,SE,1.0,34.0,EXCELLENT,2345
2024-07-09,23620,25.0,19.0,6.0,OVERCAST,OVC,NE,1.0,35.0,EXCELLENT,2345
2024-07-10,25965,23.0,19.0,4.0,LIGHT_RAIN,LRA,NW,1.0,41.0,EXCELLENT,2345
2024-07-11,24791,34.0,19.0,15.0,OVERCAST,OVC,SE,1.0,34.0,EXCELLENT,2345
2024-07-12,24287,27.0,18.0,9.0,LIGHT_RAIN,LRA,SE,2.0,33.0,EXCELLENT,2345
2024-07-13,22100,21.0,18.0,3.0,LIGHT_RAIN,LRA,SE,1.0,33.0,EXCELLENT,2345
2024-07-14,22015,26.0,20.0,6.0,OVERCAST,OVC,SE,2.0,32.0,EXCELLENT,2345
2024-07-15,25992,29.0,22.0,7.0,OVERCAST,OVC,SE,1.0,28.0,EXCELLENT,2345
2024-07-16,25019,29.0,21.0,8.0,LIGHT_RAIN,LRA,SE,1.0,26.0,EXCELLENT,2345
2024-07-17,25977,25.0,19.0,6.0,OVERCAST,OVC,NE,1.0,30.0,EXCELLENT,2345
2024-07-18,23851,32.0,19.0,13.0,CLOUDY,CLD,SE,2.0,32.0,EXCELLENT,2345
2024-07-19,20910,27.0,19.0,8.0,LIGHT_RAIN,LRA,SE,2.0,30.0,EXCELLENT,2345
2024-07-20,24265,32.0,21.0,11.0,OVERCAST,OVC,SE,2.0,26.0,EXCELLENT,2345
2024-07-21,22554,29.0,21.0,8.0,OVERCAST,OVC,SE,2.0,26.0,EXCELLENT,2345
2024-07-22,25264,28.0,21.0,7.0,OVERCAST,OVC,SE,2.0,30.0,EXCELLENT,2345
2024-07-23,22285,23.0,18.0,5.0,HEAVY_RAIN,HRA,SE,1.0,26.0,EXCELLENT,2345
2024-07-24,22498,22.0,17.0,5.0,HEAVY_RAIN,HRA,NE,1.0,34.0,EXCELLENT,2345
2024-07-25,7856,31.0,18.0,13.0,OVERCAST,OVC,SE,1.0,59.0,GOOD,2345
2024-07-26,22929,28.0,19.0,9.0,OVERCAST,OVC,SE,1.0,61.0,GOOD,2345
2024-07-27,17545,23.0,18.0,5.0,LIGHT_RAIN,LRA,NW,1.0,53.0,GOOD,2345
2024-07-28,19887,23.0,18.0,5.0,OVERCAST,OVC,NE,1.0,40.0,EXCELLENT,2345
2024-07-29,21473,22.0,16.0,6.0,LIGHT_RAIN,LRA,NW,1.0,35.0,EXCELLENT,2345
2024-07-30,23668,34.0,16.0,18.0,OVERCAST,OVC,SE,1.0,36.0,EXCELLENT,2345
2024-07-31,24905,33.0,19.0,14.0,OVERCAST,OVC,SE,1.0,39.0,EXCELLENT,2345
2024-08-01,25238,32.0,19.0,13.0,LIGHT_RAIN,LRA,SE,1.0,38.0,EXCELLENT,2345
2024-08-02,24979,28.0,19.0,9.0,LIGHT_RAIN,LRA,SE,2.0,46.0,EXCELLENT,2345
2024-08-03,24659,25.0,17.0,8.0,LIGHT_RAIN,LRA,NE,1.0,34.0,EXCELLENT,2345
2024-08-04,30746,32.0,19.0,13.0,LIGHT_RAIN,LRA,SE,2.0,28.0,EXCELLENT,2345
2024-08-05,37066,31.0,19.0,12.0,LIGHT_RAIN,LRA,SE,2.0,36.0,EXCELLENT,2345
2024-08-06,34848,29.0,20.0,9.0,LIGHT_RAIN,LRA,SE,1.0,35.0,EXCELLENT,2345
2024-08-07,37213,30.0,21.0,9.0,LIGHT_RAIN,LRA,SE,2.0,40.0,EXCELLENT,2345
2024-08-08,33905,27.0,19.0,8.0,OVERCAST,OVC,SE,2.0,38.0,EXCELLENT,2345
2024-08-09,31112,25.0,19.0,6.0,LIGHT_RAIN,LRA,SE,1.0,61.0,GOOD,2345
2024-08-10,28919,27.0,17.0,10.0,LIGHT_RAIN,LRA,SE,1.0,61.0,GOOD,2345
2024-08-11,32544,32.0,15.0,17.0,CLOUDY,CLD,SE,1.0,52.0,GOOD,2345
2024-08-12,37251,32.0,17.0,15.0,LIGHT_RAIN,LRA,SE,1.0,41.0,EXCELLENT,2345
2024-08-13,35978,32.0,19.0,13.0,OVERCAST,OVC,SE,1.0,36.0,EXCELLENT,2345
2024-08-14,36668,29.0,18.0,11.0,LIGHT_RAIN,LRA,SE,2.0,43.0,EXCELLENT,2345
2024-08-15,30467,21.0,16.0,5.0,LIGHT_RAIN,LRA,S,1.0,30.0,EXCELLENT,2345
2024-08-16,31650,30.0,16.0,14.0,OVERCAST,OVC,SE,1.0,36.0,EXCELLENT,2345
2024-08-17,27787,28.0,16.0,12.0,LIGHT_RAIN,LRA,NE,1.0,41.0,EXCELLENT,2345
2024-08-18,29397,32.0,16.0,16.0,SUNNY,SUN,SE,1.0,37.0,EXCELLENT,2345
2024-08-19,27055,32.0,18.0,14.0,CLOUDY,CLD,SE,1.0,45.0,EXCELLENT,2345
2024-08-20,28145,32.0,18.0,14.0,OVERCAST,OVC,SE,1.0,38.0,EXCELLENT,2345
2024-08-21,10928,33.0,20.0,13.0,LIGHT_RAIN,LRA,SE,1.0,42.0,EXCELLENT,2345
2024-08-22,29519,33.0,22.0,11.0,LIGHT_RAIN,LRA,SE,2.0,46.0,EXCELLENT,2345
2024-08-23,28066,33.0,21.0,12.0,LIGHT_RAIN,LRA,SE,2.0,49.0,EXCELLENT,2345
2024-08-24,26095,34.0,20.0,14.0,CLOUDY,CLD,SE,2.0,45.0,EXCELLENT,2345
2024-08-25,23047,31.0,21.0,10.0,LIGHT_RAIN,LRA,SE,2.0,46.0,EXCELLENT,2345
2024-08-26,20699,31.0,22.0,9.0,LIGHT_RAIN,LRA,SE,1.0,44.0,EXCELLENT,2345
2024-08-27,20226,33.0,22.0,11.0,CLOUDY,CLD,SE,2.0,43.0,EXCELLENT,2345
2024-08-28,17609,33.0,22.0,11.0,OVERCAST,OVC,SE,2.0,40.0,EXCELLENT,2345
2024-08-29,13650,31.0,21.0,10.0,LIGHT_RAIN,LRA,SE,2.0,36.0,EXCELLENT,2345
2024-08-30,11154,32.0,21.0,11.0,LIGHT_RAIN,LRA,SE,2.0,37.0,EXCELLENT,2345
2024-08-31,13732,32.0,22.0,10.0,CLOUDY,CLD,SE,1.0,43.0,EXCELLENT,2345
2024-09-01,14650,34.0,20.0,14.0,CLOUDY,CLD,SE,2.0,42.0,EXCELLENT,2345
2024-09-02,16908,35.0,20.0,15.0,OVERCAST,OVC,SE,2.0,40.0,EXCELLENT,2345
2024-09-03,17870,35.0,21.0,14.0,OVERCAST,OVC,SE,2.0,44.0,EXCELLENT,2345
2024-09-04,19698,33.0,17.0,16.0,OVERCAST,OVC,SE,2.0,40.0,EXCELLENT,2345
2024-09-05,19656,24.0,19.0,5.0,LIGHT_RAIN,LRA,SE,2.0,29.0,EXCELLENT,2345
2024-09-06,22343,30.0,18.0,12.0,LIGHT_RAIN,LRA,SE,2.0,37.0,EXCELLENT,2345
2024-09-07,23206,32.0,18.0,14.0,OVERCAST,OVC,SE,2.0,40.0,EXCELLENT,2345
2024-09-08,20617,31.0,20.0,11.0,OVERCAST,OVC,SE,2.0,43.0,EXCELLENT,2345
2024-09-09,18455,27.0,18.0,9.0,OVERCAST,OVC,SE,1.0,41.0,EXCELLENT,2345
2024-09-10,21040,27.0,19.0,8.0,OVERCAST,OVC,SE,2.0,31.0,EXCELLENT,2345
2024-09-11,20408,30.0,18.0,12.0,OVERCAST,OVC,SE,2.0,32.0,EXCELLENT,2345
2024-09-12,17957,30.0,18.0,12.0,OVERCAST,OVC,SE,2.0,34.0,EXCELLENT,2345
2024-09-13,16540,26.0,19.0,7.0,LIGHT_RAIN,LRA,SE,1.0,37.0,EXCELLENT,2345
2024-09-14,16246,25.0,20.0,5.0,OVERCAST,OVC,SE,2.0,40.0,EXCELLENT,2345
2024-09-15,20281,26.0,20.0,6.0,OVERCAST,OVC,SE,2.0,45.0,EXCELLENT,2345
2024-09-16,30209,28.0,20.0,8.0,OVERCAST,OVC,SE,1.0,43.0,EXCELLENT,2345
2024-09-17,16113,27.0,19.0,8.0,OVERCAST,OVC,SE,2.0,36.0,EXCELLENT,2345
2024-09-18,15797,28.0,20.0,8.0,OVERCAST,OVC,SE,2.0,35.0,EXCELLENT,2345
2024-09-19,18906,27.0,20.0,7.0,OVERCAST,OVC,SE,2.0,36.0,EXCELLENT,2345
2024-09-20,27532,23.0,16.0,7.0,OVERCAST,OVC,NE,1.0,34.0,EXCELLENT,2345
2024-09-21,32737,24.0,16.0,8.0,OVERCAST,OVC,SE,1.0,31.0,EXCELLENT,2345
2024-09-22,31066,23.0,16.0,7.0,OVERCAST,OVC,SE,1.0,39.0,EXCELLENT,2345
2024-09-23,27625,30.0,16.0,14.0,LIGHT_RAIN,LRA,SE,1.0,43.0,EXCELLENT,2345
2024-09-24,30264,26.0,17.0,9.0,LIGHT_RAIN,LRA,SE,1.0,46.0,EXCELLENT,2345
2024-09-25,8480,29.0,14.0,15.0,OVERCAST,OVC,SE,1.0,44.0,EXCELLENT,2345
2024-09-26,24425,30.0,18.0,12.0,LIGHT_RAIN,LRA,SE,1.0,38.0,EXCELLENT,2345
2024-09-27,20625,30.0,20.0,10.0,LIGHT_RAIN,LRA,SE,2.0,49.0,EXCELLENT,2345
2024-09-28,15741,24.0,21.0,3.0,LIGHT_RAIN,LRA,SE,2.0,48.0,EXCELLENT,2345
2024-09-29,18855,19.0,11.0,8.0,MODERATE_RAIN,MRA,NE,2.0,36.0,EXCELLENT,2345
2024-09-30,21719,20.0,10.0,10.0,LIGHT_RAIN,LRA,NE,2.0,31.0,EXCELLENT,2345
2024-10-01,29577,16.0,10.0,6.0,OVERCAST,OVC,SE,1.0,32.0,EXCELLENT,2345
2024-10-02,41000,22.0,11.0,11.0,LIGHT_RAIN,LRA,SE,1.0,34.0,EXCELLENT,2345
2024-10-03,41000,19.0,11.0,8.0,OVERCAST,OVC,SE,1.0,38.0,EXCELLENT,2345
2024-10-04,41000,16.0,12.0,4.0,OVERCAST,OVC,SE,1.0,31.0,EXCELLENT,2345
2024-10-05,41000,16.0,12.0,4.0,LIGHT_RAIN,LRA,SE,1.0,38.0,EXCELLENT,2345
2024-10-06,36492,17.0,12.0,5.0,LIGHT_RAIN,LRA,NE,1.0,47.0,EXCELLENT,2345
2024-10-07,15221,19.0,11.0,8.0,LIGHT_RAIN,LRA,SE,1.0,42.0,EXCELLENT,2345
2024-10-08,14096,17.0,13.0,4.0,LIGHT_RAIN,LRA,SE,1.0,40.0,EXCELLENT,2345
2024-10-09,15756,15.0,11.0,4.0,LIGHT_RAIN,LRA,SE,1.0,43.0,EXCELLENT,2345
2024-10-10,23633,19.0,11.0,8.0,OVERCAST,OVC,SE,1.0,42.0,EXCELLENT,2345
2024-10-11,27970,15.0,12.0,3.0,LIGHT_RAIN,LRA,SE,1.0,37.0,EXCELLENT,2345
2024-10-12,30502,21.0,10.0,11.0,OVERCAST,OVC,SE,1.0,34.0,EXCELLENT,2345
2024-10-13,33037,26.0,10.0,16.0,LIGHT_RAIN,LRA,SE,1.0,30.0,EXCELLENT,2345
2024-10-14,35109,23.0,12.0,11.0,LIGHT_RAIN,LRA,SE,1.0,30.0,EXCELLENT,2345
2024-10-15,35483,24.0,10.0,14.0,CLOUDY,CLD,SE,2.0,30.0,EXCELLENT,2345
2024-10-16,35733,15.0,11.0,4.0,LIGHT_RAIN,LRA,SE,1.0,39.0,EXCELLENT,2345
2024-10-17,37299,25.0,11.0,14.0,LIGHT_RAIN,LRA,SE,1.0,35.0,EXCELLENT,2345
2024-10-18,35701,21.0,12.0,9.0,OVERCAST,OVC,SE,1.0,44.0,EXCELLENT,2345
2024-10-19,35328,15.0,13.0,2.0,LIGHT_RAIN,LRA,SE,1.0,37.0,EXCELLENT,2345
2024-10-20,34017,22.0,12.0,10.0,SUNNY,SUN,SE,2.0,30.0,EXCELLENT,2345
2024-10-21,35571,21.0,9.0,12.0,LIGHT_RAIN,LRA,SE,2.0,45.0,EXCELLENT,2345
2024-10-22,40024,22.0,9.0,13.0,LIGHT_RAIN,LRA,SE,1.0,43.0,EXCELLENT,2345
2024-10-23,40756,22.0,8.0,14.0,CLOUDY,CLD,SE,1.0,45.0,EXCELLENT,2345
2024-10-24,37597,19.0,11.0,8.0,OVERCAST,OVC,SE,2.0,43.0,EXCELLENT,2345
2024-10-25,34998,17.0,10.0,7.0,OVERCAST,OVC,SE,1.0,46.0,EXCELLENT,2345
2024-10-26,36570,12.0,7.0,5.0,LIGHT_RAIN,LRA,NE,1.0,35.0,EXCELLENT,2345
2024-10-27,36794,17.0,7.0,10.0,LIGHT_RAIN,LRA,SE,1.0,48.0,EXCELLENT,2345
2024-10-28,36778,20.0,10.0,10.0,LIGHT_RAIN,LRA,SE,1.0,42.0,EXCELLENT,2345
2024-10-29,32367,14.0,9.0,5.0,LIGHT_RAIN,LRA,SE,1.0,50.0,EXCELLENT,2345
2024-10-30,30588,16.0,11.0,5.0,OVERCAST,OVC,SE,1.0,40.0,EXCELLENT,2345
2024-10-31,26748,19.0,11.0,8.0,CLOUDY,CLD,SE,1.0,47.0,EXCELLENT,2345
2024-11-01,26342,21.0,9.0,12.0,OVERCAST,OVC,SE,1.0,41.0,EXCELLENT,2345
2024-11-02,34134,22.0,10.0,12.0,CLOUDY,CLD,SE,1.0,41.0,EXCELLENT,2345
2024-11-03,23964,18.0,9.0,9.0,OVERCAST,OVC,SE,1.0,53.0,GOOD,2345
2024-11-04,22485,19.0,6.0,13.0,OVERCAST,OVC,SE,1.0,51.0,GOOD,2345
2024-11-05,24930,19.0,8.0,11.0,CLOUDY,CLD,SE,1.0,43.0,EXCELLENT,2345
2024-11-06,23750,17.0,9.0,8.0,CLOUDY,CLD,SE,2.0,41.0,EXCELLENT,2345
2024-11-07,23157,19.0,6.0,13.0,CLOUDY,CLD,SE,2.0,36.0,EXCELLENT,2345
2024-11-08,25814,18.0,7.0,11.0,OVERCAST,OVC,SE,1.0,38.0,EXCELLENT,2345
2024-11-09,28952,20.0,10.0,10.0,SUNNY,SUN,SE,1.0,42.0,EXCELLENT,2345
2024-11-10,21370,16.0,11.0,5.0,SUNNY,SUN,SE,2.0,36.0,EXCELLENT,2345
2024-11-11,15399,15.0,10.0,5.0,OVERCAST,OVC,SE,1.0,42.0,EXCELLENT,2345
2024-11-12,15257,15.0,11.0,4.0,SUNNY,SUN,SE,1.0,53.0,GOOD,2345
2024-11-13,14788,17.0,9.0,8.0,OVERCAST,OVC,SE,1.0,44.0,EXCELLENT,2345
2024-11-14,14722,20.0,8.0,12.0,CLOUDY,CLD,SE,1.0,40.0,EXCELLENT,2345
2024-11-15,12501,15.0,7.0,8.0,OVERCAST,OVC,SE,1.0,44.0,EXCELLENT,2345
2024-11-16,23000,10.0,7.0,3.0,OVERCAST,OVC,E,1.0,45.0,EXCELLENT,2345
2024-11-17,20561,11.0,6.0,5.0,OVERCAST,OVC,SE,1.0,47.0,EXCELLENT,2345
2024-11-18,14776,9.0,5.0,4.0,CLOUDY,CLD,SE,1.0,31.0,EXCELLENT,2345
2024-11-19,12370,10.0,5.0,5.0,CLOUDY,CLD,SE,1.0,36.0,EXCELLENT,2345
2024-11-20,12647,13.0,5.0,8.0,OVERCAST,OVC,SE,1.0,52.0,GOOD,2345
2024-11-21,12145,14.0,3.0,11.0,CLOUDY,CLD,SE,1.0,46.0,EXCELLENT,2345
2024-11-22,14489,17.0,7.0,10.0,SUNNY,SUN,SE,1.0,47.0,EXCELLENT,2345
2024-11-23,19031,13.0,7.0,6.0,OVERCAST,OVC,SE,2.0,40.0,EXCELLENT,2345
2024-11-24,12551,9.0,3.0,6.0,OVERCAST,OVC,SE,2.0,35.0,EXCELLENT,2345
2024-11-25,9439,7.0,1.0,6.0,SUNNY,SUN,SE,1.0,37.0,EXCELLENT,2345
2024-11-26,9118,9.0,-1.0,10.0,CLOUDY,CLD,SE,1.0,49.0,EXCELLENT,2345
2024-11-27,8616,10.0,-1.0,11.0,CLOUDY,CLD,SE,1.0,60.0,GOOD,2345
2024-11-28,8972,12.0,-1.0,13.0,OVERCAST,OVC,SE,1.0,66.0,GOOD,2345
2024-11-29,9296,12.0,-1.0,13.0,SUNNY,SUN,SE,1.0,66.0,GOOD,2345
2024-11-30,15212,14.0,-1.0,15.0,SUNNY,SUN,SE,1.0,72.0,GOOD,2345
2024-12-01,10617,15.0,-1.0,16.0,SUNNY,SUN,SE,1.0,,UNKNOWN,2345
2024-12-02,7731,12.0,3.0,9.0,CLOUDY,CLD,SE,2.0,,UNKNOWN,2345
2024-12-03,6687,14.0,4.0,10.0,OVERCAST,OVC,SE,1.0,,UNKNOWN,2345
2024-12-04,5783,12.0,4.0,8.0,OVERCAST,OVC,SE,1.0,,UNKNOWN,2345
2024-12-05,6897,11.0,2.0,9.0,OVERCAST,OVC,SE,1.0,,UNKNOWN,2345
2024-12-06,7527,11.0,1.0,10.0,CLOUDY,CLD,SE,2.0,,UNKNOWN,2345
2024-12-07,11524,7.0,3.0,4.0,OVERCAST,OVC,SE,2.0,,UNKNOWN,2345
2024-12-08,7203,7.0,2.0,5.0,CLOUDY,CLD,SE,2.0,,UNKNOWN,2345
2024-12-09,6228,5.0,0.0,5.0,CLOUDY,CLD,SE,2.0,,UNKNOWN,2345
2024-12-10,6256,7.0,1.0,6.0,CLOUDY,CLD,SE,1.0,,UNKNOWN,2345
2024-12-11,6219,8.0,2.0,6.0,SUNNY,SUN,SE,2.0,,UNKNOWN,2345
2024-12-12,5868,6.0,-1.0,7.0,OVERCAST,OVC,SE,1.0,,UNKNOWN,2345
2024-12-13,7300,4.0,-3.0,7.0,OVERCAST,OVC,SE,2.0,,UNKNOWN,2345
2024-12-14,10153,6.0,-3.0,9.0,OVERCAST,OVC,SE,1.0,,UNKNOWN,2345
2024-12-15,7866,9.0,-4.0,13.0,SUNNY,SUN,SE,1.0,,UNKNOWN,2345
2024-12-16,6136,11.0,-4.0,15.0,SUNNY,SUN,SE,1.0,,UNKNOWN,2345
2024-12-17,6716,11.0,-3.0,14.0,OVERCAST,OVC,SE,1.0,,UNKNOWN,2345
2024-12-18,6136,8.0,-2.0,10.0,CLOUDY,CLD,SE,2.0,,UNKNOWN,2345
2024-12-19,5803,8.0,0.0,8.0,SUNNY,SUN,SE,1.0,,UNKNOWN,2345
2024-12-20,6303,8.0,1.0,7.0,CLOUDY,CLD,SE,1.0,,UNKNOWN,2345
2024-12-21,9503,7.0,0.0,7.0,SUNNY,SUN,SE,2.0,,UNKNOWN,2345
2024-12-22,7301,5.0,0.0,5.0,OVERCAST,OVC,SE,1.0,,UNKNOWN,2345
2024-12-23,7670,6.0,1.0,5.0,CLOUDY,CLD,SE,1.0,,UNKNOWN,2345
2024-12-24,7120,6.0,1.0,5.0,SUNNY,SUN,SE,2.0,,UNKNOWN,2345
2024-12-25,6638,9.0,-2.0,11.0,OVERCAST,OVC,SE,1.0,,UNKNOWN,2345
2024-12-26,7187,9.0,-2.0,11.0,OVERCAST,OVC,SE,1.0,,UNKNOWN,2345
2024-12-27,8661,7.0,-3.0,10.0,SUNNY,SUN,SE,2.0,,UNKNOWN,2345
2024-12-28,11166,9.0,-3.0,12.0,SUNNY,SUN,SE,1.0,,UNKNOWN,2345
2024-12-29,10143,7.0,-2.0,9.0,CLOUDY,CLD,SE,1.0,,UNKNOWN,2345
2024-12-30,10361,11.0,-2.0,13.0,CLOUDY,CLD,SE,1.0,,UNKNOWN,2345
2024-12-31,7218,13.0,-2.0,15.0,SUNNY,SUN,SE,1.0,64.0,GOOD,2345
2025-01-01,5379,10.0,-1.0,11.0,CLOUDY,CLD,SE,1.0,76.0,GOOD,2345
2025-01-02,7811,12.0,-1.0,13.0,OVERCAST,OVC,SE,1.0,80.0,GOOD,2345
2025-01-03,7922,11.0,-1.0,12.0,CLOUDY,CLD,SE,1.0,64.0,GOOD,2345
2025-01-04,8742,9.0,-2.0,11.0,OVERCAST,OVC,NE,1.0,67.0,GOOD,2345
2025-01-05,6366,11.0,-3.0,14.0,SUNNY,SUN,SE,1.0,71.0,GOOD,2345
2025-01-06,5011,10.0,1.0,9.0,CLOUDY,CLD,SE,1.0,65.0,GOOD,2345
2025-01-07,4817,7.0,1.0,6.0,OVERCAST,OVC,SE,2.0,58.0,GOOD,2345
2025-01-08,4521,7.0,0.0,7.0,OVERCAST,OVC,SE,1.0,59.0,GOOD,2345
2025-01-09,5425,10.0,1.0,9.0,CLOUDY,CLD,SE,2.0,59.0,GOOD,2345
2025-01-10,5855,6.0,-1.0,7.0,OVERCAST,OVC,SE,2.0,53.0,GOOD,2345
2025-01-11,10411,12.0,-3.0,15.0,SUNNY,SUN,SW,1.0,55.0,GOOD,2345
2025-01-12,9206,9.0,-3.0,12.0,SUNNY,SUN,SE,1.0,57.0,GOOD,2345
2025-01-13,7390,12.0,-1.0,13.0,OVERCAST,OVC,SE,1.0,58.0,GOOD,2345
2025-01-14,7734,11.0,-1.0,12.0,OVERCAST,OVC,SE,2.0,65.0,GOOD,2345
2025-01-15,7406,9.0,0.0,9.0,OVERCAST,OVC,SE,1.0,56.0,GOOD,2345
2025-01-16,8318,11.0,0.0,11.0,SUNNY,SUN,SE,1.0,55.0,GOOD,2345
2025-01-17,9026,8.0,-1.0,9.0,CLOUDY,CLD,SE,2.0,55.0,GOOD,2345
2025-01-18,12153,12.0,0.0,12.0,SUNNY,SUN,SE,1.0,69.0,GOOD,2345
2025-01-19,11955,14.0,-1.0,15.0,SUNNY,SUN,SE,1.0,78.0,GOOD,2345
2025-01-20,12432,14.0,0.0,14.0,OVERCAST,OVC,SE,1.0,80.0,GOOD,2345
2025-01-21,12246,11.0,2.0,9.0,OVERCAST,OVC,SE,2.0,67.0,GOOD,2345
2025-01-22,11967,11.0,3.0,8.0,OVERCAST,OVC,SE,1.0,76.0,GOOD,2345
2025-01-23,11823,11.0,6.0,5.0,OVERCAST,OVC,SE,2.0,69.0,GOOD,2345
2025-01-24,10917,7.0,4.0,3.0,LIGHT_RAIN,LRA,SE,1.0,53.0,GOOD,2345
2025-01-25,10587,6.0,-1.0,7.0,OVERCAST,OVC,NE,2.0,68.0,GOOD,2345
2025-01-26,12947,6.0,-7.0,13.0,SUNNY,SUN,SW,1.0,71.0,GOOD,2345
2025-01-27,9955,7.0,-3.0,10.0,SUNNY,SUN,SE,1.0,62.0,GOOD,2345
2025-01-28,7183,10.0,-3.0,13.0,SUNNY,SUN,SE,1.0,88.0,GOOD,2345
2025-01-29,10002,11.0,-1.0,12.0,CLOUDY,CLD,SE,1.0,120.0,UNKNOWN,2345
2025-01-30,23000,5.0,1.0,4.0,OVERCAST,OVC,SE,2.0,65.0,GOOD,2345
2025-01-31,23000,6.0,2.0,4.0,OVERCAST,OVC,SE,2.0,52.0,GOOD,2345
2025-02-01,23000,8.0,3.0,5.0,OVERCAST,OVC,SE,2.0,41.0,EXCELLENT,2345
2025-02-02,23000,6.0,0.0,6.0,OVERCAST,OVC,SE,2.0,49.0,EXCELLENT,2345
2025-02-03,23000,9.0,0.0,9.0,SUNNY,SUN,SE,2.0,48.0,EXCELLENT,2345
2025-02-04,23000,9.0,0.0,9.0,SUNNY,SUN,SE,2.0,41.0,EXCELLENT,2345
2025-02-05,18624,8.0,1.0,7.0,OVERCAST,OVC,SE,2.0,45.0,EXCELLENT,2345
2025-02-06,15872,9.0,0.0,9.0,OVERCAST,OVC,SE,2.0,43.0,EXCELLENT,2345
2025-02-07,15567,7.0,0.0,7.0,OVERCAST,OVC,SE,2.0,49.0,EXCELLENT,2345
2025-02-08,15271,8.0,0.0,8.0,OVERCAST,OVC,SE,2.0,49.0,EXCELLENT,2345
2025-02-09,14545,9.0,-1.0,10.0,CLOUDY,CLD,SE,2.0,41.0,EXCELLENT,2345
2025-02-10,12475,12.0,2.0,10.0,CLOUDY,CLD,SE,2.0,41.0,EXCELLENT,2345
2025-02-11,9957,6.0,0.0,6.0,OVERCAST,OVC,SE,2.0,52.0,GOOD,2345
2025-02-12,8072,8.0,0.0,8.0,OVERCAST,OVC,SE,2.0,71.0,GOOD,2345
2025-02-13,7534,10.0,1.0,9.0,CLOUDY,CLD,SE,2.0,60.0,GOOD,2345
2025-02-14,8445,9.0,0.0,9.0,OVERCAST,OVC,SE,2.0,56.0,GOOD,2345
2025-02-15,10270,11.0,0.0,11.0,OVERCAST,OVC,SE,2.0,55.0,GOOD,2345
2025-02-16,8345,13.0,2.0,11.0,CLOUDY,CLD,SE,2.0,49.0,EXCELLENT,2345
2025-02-17,7181,12.0,3.0,9.0,CLOUDY,CLD,SE,2.0,43.0,EXCELLENT,2345
2025-02-18,6777,8.0,4.0,4.0,OVERCAST,OVC,SE,2.0,37.0,EXCELLENT,2345
2025-02-19,6860,7.0,3.0,4.0,CLOUDY,CLD,SE,2.0,43.0,EXCELLENT,2345
2025-02-20,6937,10.0,3.0,7.0,CLOUDY,CLD,SE,2.0,40.0,EXCELLENT,2345
2025-02-21,6350,7.0,4.0,3.0,CLOUDY,CLD,SE,2.0,42.0,EXCELLENT,2345
2025-02-22,7421,6.0,2.0,4.0,LIGHT_RAIN,LRA,SE,2.0,32.0,EXCELLENT,2345
2025-02-23,6145,5.0,2.0,3.0,OVERCAST,OVC,SE,2.0,43.0,EXCELLENT,2345
2025-02-24,4711,6.0,1.0,5.0,LIGHT_RAIN,LRA,SE,2.0,35.0,EXCELLENT,2345
2025-02-25,4644,12.0,0.0,12.0,OVERCAST,OVC,SE,2.0,40.0,EXCELLENT,2345
2025-02-26,5795,16.0,0.0,16.0,SUNNY,SUN,SE,1.0,43.0,EXCELLENT,2345
2025-02-27,5981,15.0,2.0,13.0,OVERCAST,OVC,SE,1.0,48.0,EXCELLENT,2345
2025-02-28,6285,19.0,2.0,17.0,OVERCAST,OVC,SE,2.0,50.0,EXCELLENT,2345
2025-03-01,8626,11.0,6.0,5.0,OVERCAST,OVC,SE,2.0,53.0,GOOD,2345
2025-03-02,5731,13.0,5.0,8.0,OVERCAST,OVC,E,2.0,63.0,GOOD,2345
2025-03-03,5181,9.0,3.0,6.0,OVERCAST,OVC,SE,2.0,55.0,GOOD,2345
2025-03-04,5463,17.0,6.0,11.0,OVERCAST,OVC,SE,1.0,47.0,EXCELLENT,2345
2025-03-05,4843,9.0,3.0,6.0,LIGHT_RAIN,LRA,SE,2.0,46.0,EXCELLENT,2345
2025-03-06,4607,7.0,1.0,6.0,OVERCAST,OVC,SE,2.0,51.0,GOOD,2345
2025-03-07,6073,13.0,1.0,12.0,OVERCAST,OVC,SE,2.0,58.0,GOOD,2345
2025-03-08,16136,14.0,3.0,11.0,OVERCAST,OVC,SE,2.0,62.0,GOOD,2345
2025-03-09,7345,16.0,2.0,14.0,OVERCAST,OVC,SE,2.0,46.0,EXCELLENT,2345
2025-03-10,7167,19.0,7.0,12.0,CLOUDY,CLD,SE,2.0,39.0,EXCELLENT,2345
2025-03-11,7074,15.0,6.0,9.0,OVERCAST,OVC,E,2.0,98.0,GOOD,2345
2025-03-12,7351,13.0,5.0,8.0,LIGHT_RAIN,LRA,SE,2.0,114.0,UNKNOWN,2345
2025-03-13,7202,19.0,6.0,13.0,CLOUDY,CLD,SE,2.0,101.0,UNKNOWN,2345
2025-03-14,8150,16.0,4.0,12.0,CLOUDY,CLD,SE,1.0,42.0,EXCELLENT,2345
2025-03-15,9623,7.0,1.0,6.0,OVERCAST,OVC,E,2.0,52.0,GOOD,2345
2025-03-16,8143,5.0,2.0,3.0,OVERCAST,OVC,SE,2.0,49.0,EXCELLENT,2345
2025-03-17,7658,11.0,0.0,11.0,OVERCAST,OVC,SE,1.0,55.0,GOOD,2345
2025-03-18,8568,12.0,0.0,12.0,OVERCAST,OVC,SE,2.0,50.0,EXCELLENT,2345
2025-03-19,9020,15.0,1.0,14.0,OVERCAST,OVC,SE,1.0,46.0,EXCELLENT,2345
2025-03-20,8711,13.0,1.0,12.0,OVERCAST,OVC,SE,1.0,54.0,GOOD,2345
2025-03-21,9071,17.0,5.0,12.0,OVERCAST,OVC,SE,2.0,51.0,GOOD,2345
2025-03-22,12881,14.0,5.0,9.0,OVERCAST,OVC,SE,1.0,51.0,GOOD,2345
2025-03-23,12205,22.0,4.0,18.0,SUNNY,SUN,W,2.0,55.0,GOOD,2345
2025-03-24,10696,28.0,3.0,25.0,SUNNY,SUN,W,2.0,51.0,GOOD,2345
2025-03-25,11353,30.0,10.0,20.0,SUNNY,SUN,SW,1.0,51.0,GOOD,2345
2025-03-26,12253,30.0,6.0,24.0,SUNNY,SUN,SE,2.0,138.0,UNKNOWN,2345
2025-03-27,11272,19.0,5.0,14.0,OVERCAST,OVC,E,2.0,170.0,UNKNOWN,2345
2025-03-28,12471,11.0,2.0,9.0,OVERCAST,OVC,SE,2.0,81.0,GOOD,2345
2025-03-29,13560,9.0,2.0,7.0,OVERCAST,OVC,SE,2.0,92.0,GOOD,2345
2025-03-30,13878,13.0,2.0,11.0,CLOUDY,CLD,SE,2.0,71.0,GOOD,2345
2025-03-31,11733,14.0,4.0,10.0,OVERCAST,OVC,SE,2.0,60.0,GOOD,2345
2025-04-01,6300,12.0,5.0,7.0,OVERCAST,OVC,SE,1.0,70.0,GOOD,2345
2025-04-02,6371,11.0,4.0,7.0,CLOUDY,CLD,SE,1.0,84.0,GOOD,2345
2025-04-03,8393,18.0,6.0,12.0,CLOUDY,CLD,SE,2.0,84.0,GOOD,2345
2025-04-04,15904,23.0,7.0,16.0,OVERCAST,OVC,SE,2.0,76.0,GOOD,2345
2025-04-05,30503,22.0,7.0,15.0,OVERCAST,OVC,SE,2.0,90.0,GOOD,2345
2025-04-06,8741,21.0,6.0,15.0,OVERCAST,OVC,SE,1.0,62.0,GOOD,2345
2025-04-07,9235,25.0,6.0,19.0,OVERCAST,OVC,SE,1.0,47.0,EXCELLENT,2345
2025-04-08,8588,27.0,9.0,18.0,OVERCAST,OVC,SE,2.0,69.0,GOOD,2345
2025-04-09,13177,25.0,9.0,16.0,CLOUDY,CLD,SE,2.0,61.0,GOOD,2345
2025-04-10,13926,26.0,12.0,14.0,OVERCAST,OVC,SE,1.0,62.0,GOOD,2345
2025-04-11,13260,20.0,6.0,14.0,OVERCAST,OVC,E,1.0,62.0,GOOD,2345
2025-04-12,17865,18.0,6.0,12.0,OVERCAST,OVC,SE,1.0,435.0,UNKNOWN,2345
2025-04-13,13938,30.0,4.0,26.0,CLOUDY,CLD,SE,1.0,274.0,UNKNOWN,2345
2025-04-14,13905,28.0,10.0,18.0,CLOUDY,CLD,SE,2.0,78.0,GOOD,2345
2025-04-15,14928,25.0,10.0,15.0,OVERCAST,OVC,SW,1.0,72.0,GOOD,2345
2025-04-16,15964,29.0,9.0,20.0,CLOUDY,CLD,SE,1.0,73.0,GOOD,2345
2025-04-17,17660,29.0,10.0,19.0,SUNNY,SUN,SE,1.0,62.0,GOOD,2345
2025-04-18,18338,27.0,10.0,17.0,OVERCAST,OVC,E,1.0,135.0,UNKNOWN,2345
2025-04-19,22094,30.0,10.0,20.0,SUNNY,SUN,SE,1.0,118.0,UNKNOWN,2345
2025-04-20,17792,30.0,12.0,18.0,OVERCAST,OVC,SE,2.0,66.0,GOOD,2345
2025-04-21,17037,19.0,12.0,7.0,LIGHT_RAIN,LRA,NE,2.0,69.0,GOOD,2345
2025-04-22,16799,17.0,8.0,9.0,LIGHT_RAIN,LRA,W,1.0,90.0,GOOD,2345
2025-04-23,18601,23.0,8.0,15.0,OVERCAST,OVC,SE,1.0,56.0,GOOD,2345
2025-04-24,16209,25.0,10.0,15.0,OVERCAST,OVC,SE,1.0,56.0,GOOD,2345
2025-04-25,15267,21.0,11.0,10.0,OVERCAST,OVC,SE,2.0,56.0,GOOD,2345
2025-04-26,11035,20.0,10.0,10.0,OVERCAST,OVC,SE,1.0,43.0,EXCELLENT,2345
2025-04-27,10282,23.0,9.0,14.0,LIGHT_RAIN,LRA,E,1.0,47.0,EXCELLENT,2345
2025-04-28,10585,24.0,11.0,13.0,OVERCAST,OVC,SE,2.0,54.0,GOOD,2345
2025-04-29,11322,24.0,9.0,15.0,OVERCAST,OVC,E,1.0,46.0,EXCELLENT,2345
2025-04-30,14216,30.0,9.0,21.0,OVERCAST,OVC,NE,1.0,56.0,GOOD,2345
2025-05-01,26469,21.7,-0.1,21.8,OTHER,OTH,UNK,8.6,,UNKNOWN,open-meteo
2025-05-02,41000,22.3,3.1,19.2,OTHER,OTH,UNK,12.9,,UNKNOWN,open-meteo
2025-05-03,41000,18.4,4.1,14.299999999999999,OTHER,OTH,UNK,8.3,,UNKNOWN,open-meteo
2025-05-04,33553,19.0,3.5,15.5,OTHER,OTH,UNK,12.4,,UNKNOWN,open-meteo
2025-05-05,10097,20.7,-1.0,21.7,OTHER,OTH,UNK,14.2,,UNKNOWN,open-meteo
2025-05-06,8897,15.4,3.3,12.100000000000001,OTHER,OTH,UNK,10.9,,UNKNOWN,open-meteo
2025-05-07,7862,17.5,-1.1,18.6,OTHER,OTH,UNK,10.5,,UNKNOWN,open-meteo
2025-05-08,9515,17.4,3.7,13.7,OTHER,OTH,UNK,16.2,,UNKNOWN,open-meteo
2025-05-09,12681,15.5,-0.9,16.4,OTHER,OTH,UNK,13.0,,UNKNOWN,open-meteo
2025-05-10,18230,13.9,-0.9,14.8,OTHER,OTH,UNK,10.5,,UNKNOWN,open-meteo
2025-05-11,17577,20.8,-0.1,20.900000000000002,OTHER,OTH,UNK,7.3,,UNKNOWN,open-meteo
2025-05-12,16371,20.1,2.2,17.900000000000002,OTHER,OTH,UNK,12.9,,UNKNOWN,open-meteo
2025-05-13,16147,17.1,3.8,13.3,OTHER,OTH,UNK,8.3,,UNKNOWN,open-meteo
2025-05-14,16977,7.9,5.1,2.8000000000000007,OTHER,OTH,UNK,5.8,,UNKNOWN,open-meteo
2025-05-15,17541,15.6,4.6,11.0,OTHER,OTH,UNK,8.0,,UNKNOWN,open-meteo
2025-05-16,15907,17.2,3.1,14.1,OTHER,OTH,UNK,8.6,,UNKNOWN,open-meteo
2025-05-17,19124,14.3,3.6,10.700000000000001,OTHER,OTH,UNK,5.4,,UNKNOWN,open-meteo
2025-05-18,16128,18.8,3.8,15.0,OTHER,OTH,UNK,7.2,,UNKNOWN,open-meteo
2025-05-19,15915,19.5,3.4,16.1,OTHER,OTH,UNK,8.8,,UNKNOWN,open-meteo
2025-05-20,16821,22.2,2.0,20.2,OTHER,OTH,UNK,11.5,,UNKNOWN,open-meteo
2025-05-21,17589,18.4,3.9,14.499999999999998,OTHER,OTH,UNK,10.9,,UNKNOWN,open-meteo
2025-05-22,17824,21.0,3.7,17.3,OTHER,OTH,UNK,10.1,,UNKNOWN,open-meteo
2025-05-23,17912,13.3,6.2,7.1000000000000005,OTHER,OTH,UNK,7.0,,UNKNOWN,open-meteo
2025-05-24,19518,18.0,5.0,13.0,OTHER,OTH,UNK,11.0,,UNKNOWN,open-meteo
2025-05-25,15599,15.9,1.6,14.3,OTHER,OTH,UNK,12.5,,UNKNOWN,open-meteo
2025-05-26,13282,17.3,6.5,10.8,OTHER,OTH,UNK,10.4,,UNKNOWN,open-meteo
2025-05-27,11681,7.9,4.1,3.8000000000000007,OTHER,OTH,UNK,4.2,,UNKNOWN,open-meteo
2025-05-28,15401,20.5,0.5,20.0,OTHER,OTH,UNK,8.6,,UNKNOWN,open-meteo
2025-05-29,12166,19.6,2.4,17.200000000000003,OTHER,OTH,UNK,11.7,,UNKNOWN,open-meteo
2025-05-30,11794,14.5,7.6,6.9,OTHER,OTH,UNK,9.6,,UNKNOWN,open-meteo
2025-05-31,16152,18.5,6.8,11.7,OTHER,OTH,UNK,8.7,,UNKNOWN,open-meteo
2025-06-01,25108,19.0,12.0,7.0,LIGHT_RAIN,LRA,N,1.0,49.0,EXCELLENT,2345
2025-06-02,10216,16.0,10.0,6.0,LIGHT_RAIN,LRA,W,1.0,45.0,EXCELLENT,2345
2025-06-03,12161,19.0,11.0,8.0,OVERCAST,OVC,W,1.0,47.0,EXCELLENT,2345
2025-06-04,13368,24.0,13.0,11.0,OVERCAST,OVC,SE,2.0,45.0,EXCELLENT,2345
2025-06-05,16093,29.0,14.0,15.0,OVERCAST,OVC,SE,2.0,42.0,EXCELLENT,2345
2025-06-06,17629,28.0,15.0,13.0,OVERCAST,OVC,N,1.0,43.0,EXCELLENT,2345
2025-06-07,21292,22.0,14.0,8.0,LIGHT_RAIN,LRA,NW,1.0,39.0,EXCELLENT,2345
2025-06-08,18700,26.0,15.0,11.0,OVERCAST,OVC,SE,1.0,45.0,EXCELLENT,2345
2025-06-09,15598,19.0,14.0,5.0,LIGHT_RAIN,LRA,NW,1.0,38.0,EXCELLENT,2345
2025-06-10,15675,29.0,12.0,17.0,OVERCAST,OVC,NW,1.0,32.0,EXCELLENT,2345
2025-06-11,17825,33.0,12.0,21.0,OVERCAST,OVC,SE,1.0,41.0,EXCELLENT,2345
2025-06-12,18195,33.0,14.0,19.0,OVERCAST,OVC,SE,2.0,50.0,EXCELLENT,2345
2025-06-13,19806,32.0,14.0,18.0,OVERCAST,OVC,SE,1.0,43.0,EXCELLENT,2345
2025-06-14,22270,28.0,14.0,14.0,OVERCAST,OVC,NE,1.0,52.0,GOOD,2345
2025-06-15,21703,30.0,13.0,17.0,CLOUDY,CLD,SE,2.0,51.0,GOOD,2345
2025-06-16,22050,33.0,15.0,18.0,CLOUDY,CLD,SE,2.0,49.0,EXCELLENT,2345
2025-06-17,22269,33.0,19.0,14.0,OVERCAST,OVC,SE,2.0,51.0,GOOD,2345
2025-06-18,22039,22.0,17.0,5.0,LIGHT_RAIN,LRA,NW,1.0,37.0,EXCELLENT,2345
2025-06-19,21217,24.0,17.0,7.0,LIGHT_RAIN,LRA,N,2.0,35.0,EXCELLENT,2345
2025-06-20,20523,22.0,14.0,8.0,MODERATE_RAIN,MRA,SE,1.0,40.0,EXCELLENT,2345
2025-06-21,22958,26.0,15.0,11.0,OVERCAST,OVC,SE,1.0,39.0,EXCELLENT,2345
2025-06-22,19816,28.0,16.0,12.0,LIGHT_RAIN,LRA,SE,1.0,36.0,EXCELLENT,2345
2025-06-23,18484,27.0,15.0,12.0,OVERCAST,OVC,SE,2.0,30.0,EXCELLENT,2345
2025-06-24,15881,18.0,15.0,3.0,MODERATE_RAIN,MRA,SE,1.0,36.0,EXCELLENT,2345
2025-06-25,18440,26.0,14.0,12.0,OVERCAST,OVC,SE,1.0,31.0,EXCELLENT,2345
2025-06-26,19552,30.0,15.0,15.0,OVERCAST,OVC,SE,1.0,34.0,EXCELLENT,2345
2025-06-27,23374,30.0,16.0,14.0,OVERCAST,OVC,SE,2.0,35.0,EXCELLENT,2345
2025-06-28,25018,31.0,18.0,13.0,CLOUDY,CLD,SE,2.0,37.0,EXCELLENT,2345
2025-06-29,20247,22.0,16.0,6.0,MODERATE_RAIN,MRA,SE,1.0,39.0,EXCELLENT,2345
2025-06-30,24418,32.0,14.0,18.0,SUNNY,SUN,SE,1.0,33.0,EXCELLENT,2345
2025-07-01,24109,29.0,17.0,12.0,OVERCAST,OVC,SE,2.0,32.0,EXCELLENT,2345
2025-07-02,21348,25.0,19.0,6.0,OVERCAST,OVC,SE,1.0,29.0,EXCELLENT,2345
2025-07-03,19563,23.0,17.0,6.0,LIGHT_RAIN,LRA,E,1.0,27.0,EXCELLENT,2345
2025-07-04,20796,23.0,16.0,7.0,LIGHT_RAIN,LRA,NE,1.0,28.0,EXCELLENT,2345
2025-07-05,21345,23.0,16.0,7.0,OVERCAST,OVC,NE,1.0,30.0,EXCELLENT,2345
2025-07-06,21873,20.0,15.0,5.0,LIGHT_RAIN,LRA,NW,1.0,39.0,EXCELLENT,2345
2025-07-07,26951,27.0,15.0,12.0,OVERCAST,OVC,SE,1.0,27.0,EXCELLENT,2345
2025-07-08,24917,25.0,17.0,8.0,OVERCAST,OVC,SE,2.0,32.0,EXCELLENT,2345
2025-07-09,26261,31.0,17.0,14.0,SUNNY,SUN,SE,1.0,32.0,EXCELLENT,2345
2025-07-10,27551,32.0,18.0,14.0,OVERCAST,OVC,SE,2.0,31.0,EXCELLENT,2345
2025-07-11,26626,31.0,19.0,12.0,CLOUDY,CLD,SE,2.0,34.0,EXCELLENT,2345
2025-07-12,26717,30.0,19.0,11.0,CLOUDY,CLD,SE,2.0,31.0,EXCELLENT,2345
2025-07-13,26404,33.0,21.0,12.0,CLOUDY,CLD,SE,2.0,35.0,EXCELLENT,2345
2025-07-14,29846,34.0,21.0,13.0,OVERCAST,OVC,SE,2.0,33.0,EXCELLENT,2345
2025-07-15,31866,36.0,21.0,15.0,CLOUDY,CLD,SE,2.0,38.0,EXCELLENT,2345
2025-07-16,32617,37.0,21.0,16.0,SUNNY,SUN,SE,2.0,39.0,EXCELLENT,2345
2025-07-17,33302,35.0,21.0,14.0,CLOUDY,CLD,SE,1.0,41.0,EXCELLENT,2345
2025-07-18,30789,29.0,20.0,9.0,OVERCAST,OVC,SE,2.0,41.0,EXCELLENT,2345
2025-07-19,26726,32.0,19.0,13.0,MODERATE_RAIN,MRA,NE,1.0,32.0,EXCELLENT,2345
2025-07-20,26302,23.0,19.0,4.0,LIGHT_RAIN,LRA,NE,1.0,33.0,EXCELLENT,2345
2025-07-21,32326,29.0,19.0,10.0,OVERCAST,OVC,SE,1.0,30.0,EXCELLENT,2345
2025-07-22,33488,32.0,20.0,12.0,OVERCAST,OVC,SE,2.0,38.0,EXCELLENT,2345
2025-07-23,33166,32.0,21.0,11.0,OVERCAST,OVC,SE,2.0,29.0,EXCELLENT,2345
2025-07-24,33968,29.0,21.0,8.0,OVERCAST,OVC,SE,2.0,28.0,EXCELLENT,2345
2025-07-25,31790,28.0,21.0,7.0,OVERCAST,OVC,SE,2.0,29.0,EXCELLENT,2345
2025-07-26,33412,27.0,20.0,7.0,OVERCAST,OVC,SE,1.0,34.0,EXCELLENT,2345
2025-07-27,36685,34.0,20.0,14.0,CLOUDY,CLD,SE,2.0,32.0,EXCELLENT,2345
2025-07-28,41000,35.0,19.0,16.0,CLOUDY,CLD,SE,1.0,30.0,EXCELLENT,2345
2025-07-29,41000,32.0,20.0,12.0,OVERCAST,OVC,E,1.0,37.0,EXCELLENT,2345
2025-07-30,41000,34.0,19.0,15.0,CLOUDY,CLD,SE,1.0,35.0,EXCELLENT,2345
2025-07-31,41000,35.0,22.0,13.0,CLOUDY,CLD,SE,2.0,39.0,EXCELLENT,2345
2025-08-01,39335,34.0,23.0,11.0,OVERCAST,OVC,SE,2.0,41.0,EXCELLENT,2345
2025-08-02,41000,36.0,23.0,13.0,CLOUDY,CLD,SE,2.0,36.0,EXCELLENT,2345
2025-08-03,41000,36.0,23.0,13.0,OVERCAST,OVC,SE,2.0,42.0,EXCELLENT,2345
2025-08-04,41000,34.0,23.0,11.0,OVERCAST,OVC,SE,1.0,42.0,EXCELLENT,2345
2025-08-05,41000,33.0,23.0,10.0,OVERCAST,OVC,E,1.0,35.0,EXCELLENT,2345
2025-08-06,41000,33.0,22.0,11.0,OVERCAST,OVC,SE,1.0,34.0,EXCELLENT,2345
2025-08-07,41000,30.0,22.0,8.0,LIGHT_RAIN,LRA,SE,1.0,31.0,EXCELLENT,2345
2025-08-08,41000,34.0,21.0,13.0,OVERCAST,OVC,SE,2.0,36.0,EXCELLENT,2345
2025-08-09,41000,27.0,20.0,7.0,LIGHT_RAIN,LRA,SE,1.0,25.0,EXCELLENT,2345
2025-08-10,41000,26.0,17.0,9.0,OVERCAST,OVC,NE,1.0,26.0,EXCELLENT,2345
2025-08-11,41000,33.0,17.0,16.0,OVERCAST,OVC,SE,1.0,34.0,EXCELLENT,2345
2025-08-12,41000,32.0,16.0,16.0,OVERCAST,OVC,E,1.0,45.0,EXCELLENT,2345
2025-08-13,41000,32.0,16.0,16.0,OVERCAST,OVC,SE,1.0,37.0,EXCELLENT,2345
2025-08-14,41000,32.0,16.0,16.0,OVERCAST,OVC,SE,1.0,41.0,EXCELLENT,2345
2025-08-15,41000,32.0,18.0,14.0,OVERCAST,OVC,SE,2.0,40.0,EXCELLENT,2345
2025-08-16,41000,33.0,19.0,14.0,OVERCAST,OVC,SE,2.0,34.0,EXCELLENT,2345
2025-08-17,41000,32.0,20.0,12.0,OVERCAST,OVC,SE,2.0,32.0,EXCELLENT,2345
2025-08-18,41000,31.0,20.0,11.0,OVERCAST,OVC,SE,2.0,33.0,EXCELLENT,2345
2025-08-19,41000,32.0,21.0,11.0,OVERCAST,OVC,SE,2.0,35.0,EXCELLENT,2345
2025-08-20,41000,28.0,19.0,9.0,OVERCAST,OVC,SE,2.0,35.0,EXCELLENT,2345
2025-08-21,37443,22.0,19.0,3.0,LIGHT_RAIN,LRA,NE,1.0,33.0,EXCELLENT,2345
2025-08-22,37306,27.0,19.0,8.0,OVERCAST,OVC,SE,2.0,31.0,EXCELLENT,2345
2025-08-23,36623,27.0,19.0,8.0,OVERCAST,OVC,NW,1.0,28.0,EXCELLENT,2345
2025-08-24,31821,29.0,19.0,10.0,CLOUDY,CLD,SE,2.0,27.0,EXCELLENT,2345
2025-08-25,30937,30.0,20.0,10.0,OVERCAST,OVC,SE,2.0,24.0,EXCELLENT,2345
2025-08-26,28571,25.0,20.0,5.0,OVERCAST,OVC,SE,2.0,31.0,EXCELLENT,2345
2025-08-27,24913,20.0,16.0,4.0,LIGHT_RAIN,LRA,SE,1.0,35.0,EXCELLENT,2345
2025-08-28,19131,18.0,15.0,3.0,LIGHT_RAIN,LRA,NE,1.0,26.0,EXCELLENT,2345
2025-08-29,16308,18.0,13.0,5.0,LIGHT_RAIN,LRA,SW,1.0,24.0,EXCELLENT,2345
2025-08-30,17486,23.0,14.0,9.0,OVERCAST,OVC,SE,1.0,23.0,EXCELLENT,2345
2025-08-31,16857,30.0,13.0,17.0,CLOUDY,CLD,SE,1.0,27.0,EXCELLENT,2345
2025-09-01,15992,28.0,16.0,12.0,OVERCAST,OVC,SE,2.0,29.0,EXCELLENT,2345
2025-09-02,13707,24.0,17.0,7.0,OVERCAST,OVC,NE,1.0,37.0,EXCELLENT,2345
2025-09-03,15212,28.0,19.0,9.0,OVERCAST,OVC,SE,1.0,46.0,EXCELLENT,2345
2025-09-04,15874,31.0,16.0,15.0,OVERCAST,OVC,SE,1.0,43.0,EXCELLENT,2345
2025-09-05,14321,23.0,14.0,9.0,OVERCAST,OVC,N,1.0,45.0,EXCELLENT,2345
2025-09-06,19859,29.0,14.0,15.0,CLOUDY,CLD,SE,1.0,85.0,GOOD,2345
2025-09-07,16542,22.0,16.0,6.0,OVERCAST,OVC,SE,1.0,68.0,GOOD,2345
2025-09-08,20406,30.0,14.0,16.0,SUNNY,SUN,SE,1.0,46.0,EXCELLENT,2345
2025-09-09,23045,27.0,18.0,9.0,OVERCAST,OVC,SE,2.0,34.0,EXCELLENT,2345
2025-09-10,22820,29.0,18.0,11.0,OVERCAST,OVC,SE,2.0,30.0,EXCELLENT,2345
2025-09-11,20038,26.0,17.0,9.0,OVERCAST,OVC,NE,1.0,34.0,EXCELLENT,2345
2025-09-12,26352,32.0,14.0,18.0,OVERCAST,OVC,SE,1.0,32.0,EXCELLENT,2345
2025-09-13,29192,31.0,16.0,15.0,SUNNY,SUN,SE,1.0,37.0,EXCELLENT,2345
2025-09-14,25686,30.0,18.0,12.0,CLOUDY,CLD,SE,1.0,35.0,EXCELLENT,2345
2025-09-15,24964,24.0,18.0,6.0,LIGHT_RAIN,LRA,SE,1.0,43.0,EXCELLENT,2345
2025-09-16,23880,27.0,17.0,10.0,OVERCAST,OVC,SE,1.0,24.0,EXCELLENT,2345
2025-09-17,23930,20.0,15.0,5.0,MODERATE_RAIN,MRA,NE,1.0,30.0,EXCELLENT,2345
2025-09-18,23168,19.0,13.0,6.0,LIGHT_RAIN,LRA,E,1.0,24.0,EXCELLENT,2345
2025-09-19,29306,26.0,14.0,12.0,CLOUDY,CLD,SE,1.0,25.0,EXCELLENT,2345
2025-09-20,27479,22.0,16.0,6.0,OVERCAST,OVC,SE,2.0,32.0,EXCELLENT,2345
2025-09-21,22327,18.0,15.0,3.0,LIGHT_RAIN,LRA,SE,1.0,24.0,EXCELLENT,2345
2025-09-22,25151,22.0,14.0,8.0,OVERCAST,OVC,SE,1.0,30.0,EXCELLENT,2345
2025-09-23,24770,26.0,13.0,13.0,CLOUDY,CLD,SE,2.0,28.0,EXCELLENT,2345
2025-09-24,25653,26.0,14.0,12.0,CLOUDY,CLD,SE,2.0,36.0,EXCELLENT,2345
2025-09-25,21786,25.0,15.0,10.0,CLOUDY,CLD,SE,2.0,42.0,EXCELLENT,2345
2025-09-26,17908,25.0,16.0,9.0,CLOUDY,CLD,SE,2.0,42.0,EXCELLENT,2345
2025-09-27,15396,24.0,16.0,8.0,OVERCAST,OVC,SE,1.0,28.0,EXCELLENT,2345
2025-09-28,16386,19.0,14.0,5.0,LIGHT_RAIN,LRA,NE,1.0,26.0,EXCELLENT,2345
2025-09-29,21476,23.0,15.0,8.0,OVERCAST,OVC,SE,1.0,33.0,EXCELLENT,2345
2025-09-30,21691,22.0,15.0,7.0,OVERCAST,OVC,SE,1.0,38.0,EXCELLENT,2345
2025-10-01,41000,19.0,14.0,5.0,LIGHT_RAIN,LRA,E,1.0,30.0,EXCELLENT,2345
2025-10-02,41000,26.0,14.0,12.0,CLOUDY,CLD,SE,1.0,32.0,EXCELLENT,2345
2025-10-03,41000,24.0,16.0,8.0,OVERCAST,OVC,SE,1.0,30.0,EXCELLENT,2345
2025-10-04,41000,21.0,16.0,5.0,LIGHT_RAIN,LRA,SE,1.0,27.0,EXCELLENT,2345
2025-10-05,41000,19.0,15.0,4.0,OVERCAST,OVC,SE,1.0,36.0,EXCELLENT,2345
2025-10-06,41000,19.0,16.0,3.0,OVERCAST,OVC,SE,2.0,26.0,EXCELLENT,2345
2025-10-07,41000,17.0,15.0,2.0,OVERCAST,OVC,SE,2.0,27.0,EXCELLENT,2345
2025-10-08,21277,23.0,16.0,7.0,OVERCAST,OVC,SE,2.0,26.0,EXCELLENT,2345
2025-10-09,21346,20.0,18.0,2.0,OVERCAST,OVC,SE,2.0,29.0,EXCELLENT,2345
2025-10-10,21061,22.0,15.0,7.0,OVERCAST,OVC,SE,2.0,26.0,EXCELLENT,2345
2025-10-11,25017,18.0,14.0,4.0,OVERCAST,OVC,SE,1.0,22.0,EXCELLENT,2345
2025-10-12,27687,18.0,11.0,7.0,LIGHT_RAIN,LRA,NE,2.0,29.0,EXCELLENT,2345
2025-10-13,35352,23.0,12.0,11.0,CLOUDY,CLD,SE,1.0,38.0,EXCELLENT,2345
2025-10-14,39081,18.0,11.0,7.0,OVERCAST,OVC,SE,2.0,38.0,EXCELLENT,2345
2025-10-15,41000,23.0,14.0,9.0,CLOUDY,CLD,SE,1.0,29.0,EXCELLENT,2345
2025-10-16,36151,20.0,12.0,8.0,OVERCAST,OVC,SE,2.0,46.0,EXCELLENT,2345
2025-10-17,40525,22.0,11.0,11.0,CLOUDY,CLD,NW,1.0,30.0,EXCELLENT,2345
2025-10-18,41000,19.0,11.0,8.0,OVERCAST,OVC,SE,1.0,36.0,EXCELLENT,2345
2025-10-19,41000,14.0,10.0,4.0,LIGHT_RAIN,LRA,SE,2.0,41.0,EXCELLENT,2345
2025-10-20,36140,15.0,9.0,6.0,LIGHT_RAIN,LRA,SE,1.0,35.0,EXCELLENT,2345
2025-10-21,41000,16.0,9.0,7.0,OVERCAST,OVC,SE,2.0,33.0,EXCELLENT,2345
2025-10-22,41000,15.0,9.0,6.0,OVERCAST,OVC,SE,2.0,32.0,EXCELLENT,2345
2025-10-23,41000,13.0,9.0,4.0,OVERCAST,OVC,SE,1.0,32.0,EXCELLENT,2345
2025-10-24,41000,14.0,9.0,5.0,LIGHT_RAIN,LRA,SE,1.0,27.0,EXCELLENT,2345
2025-10-25,41000,17.0,8.0,9.0,OVERCAST,OVC,E,1.0,32.0,EXCELLENT,2345
2025-10-26,41000,13.0,8.0,5.0,OVERCAST,OVC,SE,1.0,40.0,EXCELLENT,2345
2025-10-27,41000,17.0,8.0,9.0,OVERCAST,OVC,SE,1.0,52.0,GOOD,2345
2025-10-28,41000,18.0,10.0,8.0,OVERCAST,OVC,SE,2.0,46.0,EXCELLENT,2345
2025-10-29,40190,17.0,8.0,9.0,OVERCAST,OVC,SW,1.0,49.0,EXCELLENT,2345
2025-10-30,41000,21.0,11.0,10.0,OVERCAST,OVC,W,1.0,51.0,GOOD,2345
2025-10-31,41000,15.0,8.0,7.0,OVERCAST,OVC,SE,1.0,53.0,GOOD,2345
2025-11-01,41000,15.0,8.0,7.0,OVERCAST,OVC,SE,1.0,52.0,GOOD,2345
2025-11-02,41000,15.0,10.0,5.0,OVERCAST,OVC,SE,1.0,42.0,EXCELLENT,2345
2025-11-03,37554,14.0,10.0,4.0,OVERCAST,OVC,SE,2.0,39.0,EXCELLENT,2345
2025-11-04,41000,17.0,9.0,8.0,CLOUDY,CLD,SE,2.0,37.0,EXCELLENT,2345
2025-11-05,37480,14.0,10.0,4.0,OVERCAST,OVC,SE,2.0,32.0,EXCELLENT,2345
2025-11-06,32168,14.0,10.0,4.0,OVERCAST,OVC,SE,2.0,27.0,EXCELLENT,2345
2025-11-07,32558,20.0,9.0,11.0,OVERCAST,OVC,SE,1.0,52.0,GOOD,2345
2025-11-08,41000,19.0,9.0,10.0,CLOUDY,CLD,SE,1.0,85.0,GOOD,2345
2025-11-09,33882,17.0,8.0,9.0,OVERCAST,OVC,SE,1.0,66.0,GOOD,2345
2025-11-10,23948,15.0,7.0,8.0,OVERCAST,OVC,SE,1.0,52.0,GOOD,2345
2025-11-11,22478,15.0,9.0,6.0,OVERCAST,OVC,SE,2.0,48.0,EXCELLENT,2345
2025-11-12,39952,17.0,6.0,11.0,OVERCAST,OVC,SE,2.0,59.0,GOOD,2345
2025-11-13,41000,15.0,7.0,8.0,OVERCAST,OVC,SE,1.0,62.0,GOOD,2345
2025-11-14,41000,13.0,7.0,6.0,LIGHT_RAIN,LRA,SE,1.0,64.0,GOOD,2345
2025-11-15,39965,18.0,5.0,13.0,OVERCAST,OVC,SE,1.0,56.0,GOOD,2345
2025-11-16,23000,10.0,3.0,7.0,OVERCAST,OVC,SE,2.0,50.0,EXCELLENT,2345
2025-11-17,22752,7.0,0.0,7.0,CLOUDY,CLD,SE,2.0,62.0,GOOD,2345
2025-11-18,23000,10.0,0.0,10.0,CLOUDY,CLD,NE,1.0,54.0,GOOD,2345
2025-11-19,21856,11.0,-2.0,13.0,OVERCAST,OVC,SE,1.0,56.0,GOOD,2345
2025-11-20,23000,13.0,0.0,13.0,SUNNY,SUN,SE,1.0,64.0,GOOD,2345
2025-11-21,23000,13.0,3.0,10.0,CLOUDY,CLD,SE,1.0,71.0,GOOD,2345
2025-11-22,23000,9.0,2.0,7.0,OVERCAST,OVC,SE,1.0,62.0,GOOD,2345
2025-11-23,23000,12.0,0.0,12.0,OVERCAST,OVC,SE,1.0,73.0,GOOD,2345
2025-11-24,13620,11.0,-3.0,14.0,CLOUDY,CLD,SW,1.0,66.0,GOOD,2345
2025-11-25,12098,15.0,-2.0,17.0,SUNNY,SUN,NW,1.0,74.0,GOOD,2345
2025-11-26,10687,17.0,1.0,16.0,SUNNY,SUN,W,1.0,72.0,GOOD,2345
2025-11-27,11204,15.0,-1.0,16.0,SUNNY,SUN,NW,1.0,106.0,UNKNOWN,2345
2025-11-28,11881,19.0,-1.0,20.0,SUNNY,SUN,NW,1.0,85.0,GOOD,2345
2025-11-29,20196,17.0,0.0,17.0,SUNNY,SUN,S,1.0,78.0,GOOD,2345
2025-11-30,12039,16.0,0.0,16.0,SUNNY,SUN,SE,2.0,72.0,GOOD,2345
2025-12-01,9104,15.0,0.0,15.0,SUNNY,SUN,SE,1.0,75.0,GOOD,2345
2025-12-02,8839,13.0,-1.0,14.0,SUNNY,SUN,SE,2.0,67.0,GOOD,2345
2025-12-03,8094,10.0,0.0,10.0,SUNNY,SUN,SE,2.0,58.0,GOOD,2345
2025-12-04,9728,13.0,-2.0,15.0,SUNNY,SUN,SE,1.0,78.0,GOOD,2345
2025-12-05,9613,13.0,-2.0,15.0,SUNNY,SUN,S,1.0,70.0,GOOD,2345
2025-12-06,14790,11.0,-1.0,12.0,OVERCAST,OVC,SE,2.0,75.0,GOOD,2345
2025-12-07,10264,14.0,0.0,14.0,SUNNY,SUN,SE,2.0,80.0,GOOD,2345
2025-12-08,7254,12.0,2.0,10.0,CLOUDY,CLD,SE,2.0,65.0,GOOD,2345
2025-12-09,8788,11.0,0.0,11.0,OVERCAST,OVC,SE,1.0,62.0,GOOD,2345
2025-12-10,8407,16.0,1.0,15.0,SUNNY,SUN,SW,1.0,72.0,GOOD,2345
2025-12-11,7323,13.0,2.0,11.0,OVERCAST,OVC,SE,1.0,57.0,GOOD,2345
2025-12-12,7810,9.0,0.0,9.0,OVERCAST,OVC,SE,2.0,51.0,GOOD,2345
2025-12-13,13877,8.0,-1.0,9.0,SUNNY,SUN,SE,2.0,72.0,GOOD,2345
2025-12-14,9474,10.0,-3.0,13.0,SUNNY,SUN,SE,1.0,75.0,GOOD,2345
2025-12-15,7030,12.0,0.0,12.0,SUNNY,SUN,W,1.0,80.0,GOOD,2345
2025-12-16,7963,16.0,0.0,16.0,SUNNY,SUN,SE,1.0,96.0,GOOD,2345
2025-12-17,8204,14.0,0.0,14.0,SUNNY,SUN,SE,1.0,85.0,GOOD,2345
2025-12-18,8207,12.0,1.0,11.0,SUNNY,SUN,SW,1.0,63.0,GOOD,2345
2025-12-19,8346,9.0,0.0,9.0,CLOUDY,CLD,SE,1.0,75.0,GOOD,2345
2025-12-20,6734,6.0,0.0,6.0,OVERCAST,OVC,SE,2.0,53.0,GOOD,2345
2025-12-21,10069,10.0,0.0,10.0,SUNNY,SUN,SE,1.0,52.0,GOOD,2345
2025-12-22,8963,6.0,0.0,6.0,OVERCAST,OVC,SE,1.0,53.0,GOOD,2345
2025-12-23,8322,8.0,0.0,8.0,OVERCAST,OVC,SE,2.0,68.0,GOOD,2345
2025-12-24,8491,11.0,-2.0,13.0,OVERCAST,OVC,SE,2.0,53.0,GOOD,2345
2025-12-25,9184,9.0,-1.0,10.0,OVERCAST,OVC,SE,2.0,59.0,GOOD,2345
2025-12-26,12657,9.0,-2.0,11.0,SUNNY,SUN,SE,1.0,66.0,GOOD,2345
2025-12-27,16298,12.0,-2.0,14.0,CLOUDY,CLD,SE,1.0,75.0,GOOD,2345
2025-12-28,13513,14.0,0.0,14.0,SUNNY,SUN,SW,1.0,74.0,GOOD,2345
2025-12-29,11942,12.0,-1.0,13.0,SUNNY,SUN,SE,1.0,84.0,GOOD,2345
2025-12-30,12069,10.0,2.0,8.0,OVERCAST,OVC,SE,2.0,67.0,GOOD,2345
2025-12-31,10170,10.0,2.0,8.0,OVERCAST,OVC,SE,1.0,59.0,GOOD,2345
2026-01-01,19340,5.0,2.0,3.0,OVERCAST,OVC,SE,2.0,69.0,GOOD,2345
2026-01-02,23000,3.0,0.0,3.0,OVERCAST,OVC,SE,2.0,61.0,GOOD,2345
2026-01-03,11658,3.0,0.0,3.0,OVERCAST,OVC,SE,2.0,46.0,EXCELLENT,2345
2026-01-04,5995,5.0,0.0,5.0,OVERCAST,OVC,SE,2.0,62.0,GOOD,2345
2026-01-05,5528,4.0,-3.0,7.0,OVERCAST,OVC,SE,2.0,59.0,GOOD,2345
2026-01-06,5133,8.0,-3.0,11.0,CLOUDY,CLD,SE,2.0,69.0,GOOD,2345
2026-01-07,5276,9.0,-3.0,12.0,OVERCAST,OVC,SE,2.0,68.0,GOOD,2345
2026-01-08,5697,10.0,-3.0,13.0,SUNNY,SUN,SE,1.0,74.0,GOOD,2345
2026-01-09,6984,12.0,-3.0,15.0,SUNNY,SUN,SW,1.0,85.0,GOOD,2345
2026-01-10,9331,11.0,-2.0,13.0,CLOUDY,CLD,SE,1.0,71.0,GOOD,2345
2026-01-11,7124,11.0,-2.0,13.0,SUNNY,SUN,SE,1.0,77.0,GOOD,2345
2026-01-12,6430,12.0,-2.0,14.0,SUNNY,SUN,NW,1.0,87.0,GOOD,2345
2026-01-13,7225,13.0,0.0,13.0,SUNNY,SUN,S,1.0,80.0,GOOD,2345
2026-01-14,6633,14.0,-2.0,16.0,OVERCAST,OVC,SE,1.0,74.0,GOOD,2345
2026-01-15,7338,14.0,-1.0,15.0,CLOUDY,CLD,S,1.0,73.0,GOOD,2345
2026-01-16,9368,15.0,-1.0,16.0,CLOUDY,CLD,SW,1.0,69.0,GOOD,2345
2026-01-17,11589,14.0,0.0,14.0,SUNNY,SUN,SE,1.0,63.0,GOOD,2345
2026-01-18,9369,10.0,4.0,6.0,OVERCAST,OVC,SE,1.0,74.0,GOOD,2345
2026-01-19,6881,3.0,1.0,2.0,OVERCAST,OVC,SE,2.0,61.0,GOOD,2345
2026-01-20,7483,0.0,0.0,0.0,OVERCAST,OVC,SE,2.0,61.0,GOOD,2345
2026-01-21,7445,6.0,-2.0,8.0,CLOUDY,CLD,SE,2.0,60.0,GOOD,2345
2026-01-22,9190,9.0,-4.0,13.0,SUNNY,SUN,S,1.0,61.0,GOOD,2345
2026-01-23,9915,9.0,-1.0,10.0,SUNNY,SUN,SE,1.0,67.0,GOOD,2345
2026-01-24,11171,6.0,-1.0,7.0,SUNNY,SUN,SE,2.0,60.0,GOOD,2345
2026-01-25,8754,7.0,0.0,7.0,OVERCAST,OVC,SE,2.0,194.0,UNKNOWN,2345
2026-01-26,9358,12.0,-1.0,13.0,SUNNY,SUN,SE,2.0,341.0,UNKNOWN,2345
2026-01-27,9726,12.0,0.0,12.0,SUNNY,SUN,SE,1.0,166.0,UNKNOWN,2345
2026-01-28,9667,11.0,2.0,9.0,CLOUDY,CLD,SE,2.0,119.0,UNKNOWN,2345
2026-01-29,8540,5.0,2.0,3.0,OVERCAST,OVC,SE,2.0,61.0,GOOD,2345
2026-01-30,8270,5.0,1.0,4.0,LIGHT_RAIN,LRA,SE,2.0,77.0,GOOD,2345
2026-01-31,11231,8.0,1.0,7.0,OVERCAST,OVC,SE,2.0,85.0,GOOD,2345
2026-02-01,10920,7.0,1.0,6.0,OVERCAST,OVC,SE,2.0,85.0,GOOD,2345
2026-02-02,10960,9.0,1.0,8.0,CLOUDY,CLD,SE,2.0,76.0,GOOD,2345
2026-02-03,12874,10.0,4.0,6.0,CLOUDY,CLD,SE,2.0,68.0,GOOD,2345
2026-02-04,12640,10.0,3.0,7.0,OVERCAST,OVC,SE,2.0,67.0,GOOD,2345
2026-02-05,12398,11.0,1.0,10.0,OVERCAST,OVC,SE,2.0,64.0,GOOD,2345
2026-02-06,13476,15.0,1.0,14.0,SUNNY,SUN,SE,2.0,58.0,GOOD,2345
2026-02-07,13875,5.0,1.0,4.0,OVERCAST,OVC,SE,2.0,64.0,GOOD,2345
2026-02-08,12982,8.0,0.0,8.0,OVERCAST,OVC,SE,2.0,54.0,GOOD,2345
2026-02-09,13797,6.0,0.0,6.0,LIGHT_RAIN,LRA,SE,2.0,41.0,EXCELLENT,2345
2026-02-10,15339,11.0,0.0,11.0,CLOUDY,CLD,SE,2.0,78.0,GOOD,2345
2026-02-11,14612,13.0,0.0,13.0,CLOUDY,CLD,SE,2.0,71.0,GOOD,2345
2026-02-12,14410,14.0,0.0,14.0,CLOUDY,CLD,SE,2.0,83.0,GOOD,2345
